Aisle,Zone,Capacity,Average_Congestion_Pct,Max_Congestion_Pct,High_Events_Count,Critical_Events_Count,Total_Congestion_Events,Congestion_Duration_Sec
A03,Zone_A_FastMoving,3,65.88,266.67,0,70,70,2100.0
A07,Zone_B_EngineParts,3,62.74,233.33,0,66,66,1980.0
A02,Zone_A_FastMoving,4,12.26,100.0,2,2,4,120.0
A05,Zone_B_EngineParts,4,8.96,75.0,3,0,3,90.0
A01,Zone_A_FastMoving,4,7.9,75.0,2,0,2,60.0
A10,Zone_C_Electrical,4,5.9,75.0,1,0,1,30.0
A06,Zone_B_EngineParts,4,8.49,50.0,0,0,0,0.0
A08,Zone_B_EngineParts,5,7.45,60.0,0,0,0,0.0
A11,Zone_C_Electrical,4,6.25,50.0,0,0,0,0.0
A09,Zone_C_Electrical,4,6.01,50.0,0,0,0,0.0
A04,Zone_A_FastMoving,5,5.85,60.0,0,0,0,0.0
A12,Zone_C_Electrical,5,4.53,40.0,0,0,0,0.0
